combo number,number of members,member(s)
0,3,s1,s2,s3
1,3,s1,s2,s4
2,3,s1,s2,s5
3,3,s1,s2,s6
4,3,s1,s2,s7
5,3,s1,s2,s8
6,3,s1,s2,s9
7,3,s1,s2,s10
8,3,s1,s2,s11
9,3,s1,s2,s12
10,3,s1,s2,s13
11,3,s1,s2,s14
12,3,s1,s2,s15
13,3,s1,s2,s16
14,3,s1,s2,s17
15,3,s1,s2,s18
16,3,s1,s2,s19
17,3,s1,s2,s20
18,3,s1,s2,s21
19,3,s1,s2,s22
20,3,s1,s2,s23
21,3,s1,s2,s24
22,3,s1,s3,s4
23,3,s1,s3,s5
24,3,s1,s3,s6
25,3,s1,s3,s7
26,3,s1,s3,s8
27,3,s1,s3,s9
28,3,s1,s3,s10
29,3,s1,s3,s11
30,3,s1,s3,s12
31,3,s1,s3,s13
32,3,s1,s3,s14
33,3,s1,s3,s15
34,3,s1,s3,s16
35,3,s1,s3,s17
36,3,s1,s3,s18
37,3,s1,s3,s19
38,3,s1,s3,s20
39,3,s1,s3,s21
40,3,s1,s3,s22
41,3,s1,s3,s23
42,3,s1,s3,s24
43,3,s1,s4,s5
44,3,s1,s4,s6
45,3,s1,s4,s7
46,3,s1,s4,s8
47,3,s1,s4,s9
48,3,s1,s4,s10
49,3,s1,s4,s11
50,3,s1,s4,s12
51,3,s1,s4,s13
52,3,s1,s4,s14
53,3,s1,s4,s15
54,3,s1,s4,s16
55,3,s1,s4,s17
56,3,s1,s4,s18
57,3,s1,s4,s19
58,3,s1,s4,s20
59,3,s1,s4,s21
60,3,s1,s4,s22
61,3,s1,s4,s23
62,3,s1,s4,s24
63,3,s1,s5,s6
64,3,s1,s5,s7
65,3,s1,s5,s8
66,3,s1,s5,s9
67,3,s1,s5,s10
68,3,s1,s5,s11
69,3,s1,s5,s12
70,3,s1,s5,s13
71,3,s1,s5,s14
72,3,s1,s5,s15
73,3,s1,s5,s16
74,3,s1,s5,s17
75,3,s1,s5,s18
76,3,s1,s5,s19
77,3,s1,s5,s20
78,3,s1,s5,s21
79,3,s1,s5,s22
80,3,s1,s5,s23
81,3,s1,s5,s24
82,3,s1,s6,s7
83,3,s1,s6,s8
84,3,s1,s6,s9
85,3,s1,s6,s10
86,3,s1,s6,s11
87,3,s1,s6,s12
88,3,s1,s6,s13
89,3,s1,s6,s14
90,3,s1,s6,s15
91,3,s1,s6,s16
92,3,s1,s6,s17
93,3,s1,s6,s18
94,3,s1,s6,s19
95,3,s1,s6,s20
96,3,s1,s6,s21
97,3,s1,s6,s22
98,3,s1,s6,s23
99,3,s1,s6,s24
100,3,s1,s7,s8
101,3,s1,s7,s9
102,3,s1,s7,s10
103,3,s1,s7,s11
104,3,s1,s7,s12
105,3,s1,s7,s13
106,3,s1,s7,s14
107,3,s1,s7,s15
108,3,s1,s7,s16
109,3,s1,s7,s17
110,3,s1,s7,s18
111,3,s1,s7,s19
112,3,s1,s7,s20
113,3,s1,s7,s21
114,3,s1,s7,s22
115,3,s1,s7,s23
116,3,s1,s7,s24
117,3,s1,s8,s9
118,3,s1,s8,s10
119,3,s1,s8,s11
120,3,s1,s8,s12
121,3,s1,s8,s13
122,3,s1,s8,s14
123,3,s1,s8,s15
124,3,s1,s8,s16
125,3,s1,s8,s17
126,3,s1,s8,s18
127,3,s1,s8,s19
128,3,s1,s8,s20
129,3,s1,s8,s21
130,3,s1,s8,s22
131,3,s1,s8,s23
132,3,s1,s8,s24
133,3,s1,s9,s10
134,3,s1,s9,s11
135,3,s1,s9,s12
136,3,s1,s9,s13
137,3,s1,s9,s14
138,3,s1,s9,s15
139,3,s1,s9,s16
140,3,s1,s9,s17
141,3,s1,s9,s18
142,3,s1,s9,s19
143,3,s1,s9,s20
144,3,s1,s9,s21
145,3,s1,s9,s22
146,3,s1,s9,s23
147,3,s1,s9,s24
148,3,s1,s10,s11
149,3,s1,s10,s12
150,3,s1,s10,s13
151,3,s1,s10,s14
152,3,s1,s10,s15
153,3,s1,s10,s16
154,3,s1,s10,s17
155,3,s1,s10,s18
156,3,s1,s10,s19
157,3,s1,s10,s20
158,3,s1,s10,s21
159,3,s1,s10,s22
160,3,s1,s10,s23
161,3,s1,s10,s24
162,3,s1,s11,s12
163,3,s1,s11,s13
164,3,s1,s11,s14
165,3,s1,s11,s15
166,3,s1,s11,s16
167,3,s1,s11,s17
168,3,s1,s11,s18
169,3,s1,s11,s19
170,3,s1,s11,s20
171,3,s1,s11,s21
172,3,s1,s11,s22
173,3,s1,s11,s23
174,3,s1,s11,s24
175,3,s1,s12,s13
176,3,s1,s12,s14
177,3,s1,s12,s15
178,3,s1,s12,s16
179,3,s1,s12,s17
180,3,s1,s12,s18
181,3,s1,s12,s19
182,3,s1,s12,s20
183,3,s1,s12,s21
184,3,s1,s12,s22
185,3,s1,s12,s23
186,3,s1,s12,s24
187,3,s1,s13,s14
188,3,s1,s13,s15
189,3,s1,s13,s16
190,3,s1,s13,s17
191,3,s1,s13,s18
192,3,s1,s13,s19
193,3,s1,s13,s20
194,3,s1,s13,s21
195,3,s1,s13,s22
196,3,s1,s13,s23
197,3,s1,s13,s24
198,3,s1,s14,s15
199,3,s1,s14,s16
200,3,s1,s14,s17
201,3,s1,s14,s18
202,3,s1,s14,s19
203,3,s1,s14,s20
204,3,s1,s14,s21
205,3,s1,s14,s22
206,3,s1,s14,s23
207,3,s1,s14,s24
208,3,s1,s15,s16
209,3,s1,s15,s17
210,3,s1,s15,s18
211,3,s1,s15,s19
212,3,s1,s15,s20
213,3,s1,s15,s21
214,3,s1,s15,s22
215,3,s1,s15,s23
216,3,s1,s15,s24
217,3,s1,s16,s17
218,3,s1,s16,s18
219,3,s1,s16,s19
220,3,s1,s16,s20
221,3,s1,s16,s21
222,3,s1,s16,s22
223,3,s1,s16,s23
224,3,s1,s16,s24
225,3,s1,s17,s18
226,3,s1,s17,s19
227,3,s1,s17,s20
228,3,s1,s17,s21
229,3,s1,s17,s22
230,3,s1,s17,s23
231,3,s1,s17,s24
232,3,s1,s18,s19
233,3,s1,s18,s20
234,3,s1,s18,s21
235,3,s1,s18,s22
236,3,s1,s18,s23
237,3,s1,s18,s24
238,3,s1,s19,s20
239,3,s1,s19,s21
240,3,s1,s19,s22
241,3,s1,s19,s23
242,3,s1,s19,s24
243,3,s1,s20,s21
244,3,s1,s20,s22
245,3,s1,s20,s23
246,3,s1,s20,s24
247,3,s1,s21,s22
248,3,s1,s21,s23
249,3,s1,s21,s24
250,3,s1,s22,s23
251,3,s1,s22,s24
252,3,s1,s23,s24
253,3,s2,s3,s4
254,3,s2,s3,s5
255,3,s2,s3,s6
256,3,s2,s3,s7
257,3,s2,s3,s8
258,3,s2,s3,s9
259,3,s2,s3,s10
260,3,s2,s3,s11
261,3,s2,s3,s12
262,3,s2,s3,s13
263,3,s2,s3,s14
264,3,s2,s3,s15
265,3,s2,s3,s16
266,3,s2,s3,s17
267,3,s2,s3,s18
268,3,s2,s3,s19
269,3,s2,s3,s20
270,3,s2,s3,s21
271,3,s2,s3,s22
272,3,s2,s3,s23
273,3,s2,s3,s24
274,3,s2,s4,s5
275,3,s2,s4,s6
276,3,s2,s4,s7
277,3,s2,s4,s8
278,3,s2,s4,s9
279,3,s2,s4,s10
280,3,s2,s4,s11
281,3,s2,s4,s12
282,3,s2,s4,s13
283,3,s2,s4,s14
284,3,s2,s4,s15
285,3,s2,s4,s16
286,3,s2,s4,s17
287,3,s2,s4,s18
288,3,s2,s4,s19
289,3,s2,s4,s20
290,3,s2,s4,s21
291,3,s2,s4,s22
292,3,s2,s4,s23
293,3,s2,s4,s24
294,3,s2,s5,s6
295,3,s2,s5,s7
296,3,s2,s5,s8
297,3,s2,s5,s9
298,3,s2,s5,s10
299,3,s2,s5,s11
300,3,s2,s5,s12
301,3,s2,s5,s13
302,3,s2,s5,s14
303,3,s2,s5,s15
304,3,s2,s5,s16
305,3,s2,s5,s17
306,3,s2,s5,s18
307,3,s2,s5,s19
308,3,s2,s5,s20
309,3,s2,s5,s21
310,3,s2,s5,s22
311,3,s2,s5,s23
312,3,s2,s5,s24
313,3,s2,s6,s7
314,3,s2,s6,s8
315,3,s2,s6,s9
316,3,s2,s6,s10
317,3,s2,s6,s11
318,3,s2,s6,s12
319,3,s2,s6,s13
320,3,s2,s6,s14
321,3,s2,s6,s15
322,3,s2,s6,s16
323,3,s2,s6,s17
324,3,s2,s6,s18
325,3,s2,s6,s19
326,3,s2,s6,s20
327,3,s2,s6,s21
328,3,s2,s6,s22
329,3,s2,s6,s23
330,3,s2,s6,s24
331,3,s2,s7,s8
332,3,s2,s7,s9
333,3,s2,s7,s10
334,3,s2,s7,s11
335,3,s2,s7,s12
336,3,s2,s7,s13
337,3,s2,s7,s14
338,3,s2,s7,s15
339,3,s2,s7,s16
340,3,s2,s7,s17
341,3,s2,s7,s18
342,3,s2,s7,s19
343,3,s2,s7,s20
344,3,s2,s7,s21
345,3,s2,s7,s22
346,3,s2,s7,s23
347,3,s2,s7,s24
348,3,s2,s8,s9
349,3,s2,s8,s10
350,3,s2,s8,s11
351,3,s2,s8,s12
352,3,s2,s8,s13
353,3,s2,s8,s14
354,3,s2,s8,s15
355,3,s2,s8,s16
356,3,s2,s8,s17
357,3,s2,s8,s18
358,3,s2,s8,s19
359,3,s2,s8,s20
360,3,s2,s8,s21
361,3,s2,s8,s22
362,3,s2,s8,s23
363,3,s2,s8,s24
364,3,s2,s9,s10
365,3,s2,s9,s11
366,3,s2,s9,s12
367,3,s2,s9,s13
368,3,s2,s9,s14
369,3,s2,s9,s15
370,3,s2,s9,s16
371,3,s2,s9,s17
372,3,s2,s9,s18
373,3,s2,s9,s19
374,3,s2,s9,s20
375,3,s2,s9,s21
376,3,s2,s9,s22
377,3,s2,s9,s23
378,3,s2,s9,s24
379,3,s2,s10,s11
380,3,s2,s10,s12
381,3,s2,s10,s13
382,3,s2,s10,s14
383,3,s2,s10,s15
384,3,s2,s10,s16
385,3,s2,s10,s17
386,3,s2,s10,s18
387,3,s2,s10,s19
388,3,s2,s10,s20
389,3,s2,s10,s21
390,3,s2,s10,s22
391,3,s2,s10,s23
392,3,s2,s10,s24
393,3,s2,s11,s12
394,3,s2,s11,s13
395,3,s2,s11,s14
396,3,s2,s11,s15
397,3,s2,s11,s16
398,3,s2,s11,s17
399,3,s2,s11,s18
400,3,s2,s11,s19
401,3,s2,s11,s20
402,3,s2,s11,s21
403,3,s2,s11,s22
404,3,s2,s11,s23
405,3,s2,s11,s24
406,3,s2,s12,s13
407,3,s2,s12,s14
408,3,s2,s12,s15
409,3,s2,s12,s16
410,3,s2,s12,s17
411,3,s2,s12,s18
412,3,s2,s12,s19
413,3,s2,s12,s20
414,3,s2,s12,s21
415,3,s2,s12,s22
416,3,s2,s12,s23
417,3,s2,s12,s24
418,3,s2,s13,s14
419,3,s2,s13,s15
420,3,s2,s13,s16
421,3,s2,s13,s17
422,3,s2,s13,s18
423,3,s2,s13,s19
424,3,s2,s13,s20
425,3,s2,s13,s21
426,3,s2,s13,s22
427,3,s2,s13,s23
428,3,s2,s13,s24
429,3,s2,s14,s15
430,3,s2,s14,s16
431,3,s2,s14,s17
432,3,s2,s14,s18
433,3,s2,s14,s19
434,3,s2,s14,s20
435,3,s2,s14,s21
436,3,s2,s14,s22
437,3,s2,s14,s23
438,3,s2,s14,s24
439,3,s2,s15,s16
440,3,s2,s15,s17
441,3,s2,s15,s18
442,3,s2,s15,s19
443,3,s2,s15,s20
444,3,s2,s15,s21
445,3,s2,s15,s22
446,3,s2,s15,s23
447,3,s2,s15,s24
448,3,s2,s16,s17
449,3,s2,s16,s18
450,3,s2,s16,s19
451,3,s2,s16,s20
452,3,s2,s16,s21
453,3,s2,s16,s22
454,3,s2,s16,s23
455,3,s2,s16,s24
456,3,s2,s17,s18
457,3,s2,s17,s19
458,3,s2,s17,s20
459,3,s2,s17,s21
460,3,s2,s17,s22
461,3,s2,s17,s23
462,3,s2,s17,s24
463,3,s2,s18,s19
464,3,s2,s18,s20
465,3,s2,s18,s21
466,3,s2,s18,s22
467,3,s2,s18,s23
468,3,s2,s18,s24
469,3,s2,s19,s20
470,3,s2,s19,s21
471,3,s2,s19,s22
472,3,s2,s19,s23
473,3,s2,s19,s24
474,3,s2,s20,s21
475,3,s2,s20,s22
476,3,s2,s20,s23
477,3,s2,s20,s24
478,3,s2,s21,s22
479,3,s2,s21,s23
480,3,s2,s21,s24
481,3,s2,s22,s23
482,3,s2,s22,s24
483,3,s2,s23,s24
484,3,s3,s4,s5
485,3,s3,s4,s6
486,3,s3,s4,s7
487,3,s3,s4,s8
488,3,s3,s4,s9
489,3,s3,s4,s10
490,3,s3,s4,s11
491,3,s3,s4,s12
492,3,s3,s4,s13
493,3,s3,s4,s14
494,3,s3,s4,s15
495,3,s3,s4,s16
496,3,s3,s4,s17
497,3,s3,s4,s18
498,3,s3,s4,s19
499,3,s3,s4,s20
500,3,s3,s4,s21
501,3,s3,s4,s22
502,3,s3,s4,s23
503,3,s3,s4,s24
504,3,s3,s5,s6
505,3,s3,s5,s7
506,3,s3,s5,s8
507,3,s3,s5,s9
508,3,s3,s5,s10
509,3,s3,s5,s11
510,3,s3,s5,s12
511,3,s3,s5,s13
512,3,s3,s5,s14
513,3,s3,s5,s15
514,3,s3,s5,s16
515,3,s3,s5,s17
516,3,s3,s5,s18
517,3,s3,s5,s19
518,3,s3,s5,s20
519,3,s3,s5,s21
520,3,s3,s5,s22
521,3,s3,s5,s23
522,3,s3,s5,s24
523,3,s3,s6,s7
524,3,s3,s6,s8
525,3,s3,s6,s9
526,3,s3,s6,s10
527,3,s3,s6,s11
528,3,s3,s6,s12
529,3,s3,s6,s13
530,3,s3,s6,s14
531,3,s3,s6,s15
532,3,s3,s6,s16
533,3,s3,s6,s17
534,3,s3,s6,s18
535,3,s3,s6,s19
536,3,s3,s6,s20
537,3,s3,s6,s21
538,3,s3,s6,s22
539,3,s3,s6,s23
540,3,s3,s6,s24
541,3,s3,s7,s8
542,3,s3,s7,s9
543,3,s3,s7,s10
544,3,s3,s7,s11
545,3,s3,s7,s12
546,3,s3,s7,s13
547,3,s3,s7,s14
548,3,s3,s7,s15
549,3,s3,s7,s16
550,3,s3,s7,s17
551,3,s3,s7,s18
552,3,s3,s7,s19
553,3,s3,s7,s20
554,3,s3,s7,s21
555,3,s3,s7,s22
556,3,s3,s7,s23
557,3,s3,s7,s24
558,3,s3,s8,s9
559,3,s3,s8,s10
560,3,s3,s8,s11
561,3,s3,s8,s12
562,3,s3,s8,s13
563,3,s3,s8,s14
564,3,s3,s8,s15
565,3,s3,s8,s16
566,3,s3,s8,s17
567,3,s3,s8,s18
568,3,s3,s8,s19
569,3,s3,s8,s20
570,3,s3,s8,s21
571,3,s3,s8,s22
572,3,s3,s8,s23
573,3,s3,s8,s24
574,3,s3,s9,s10
575,3,s3,s9,s11
576,3,s3,s9,s12
577,3,s3,s9,s13
578,3,s3,s9,s14
579,3,s3,s9,s15
580,3,s3,s9,s16
581,3,s3,s9,s17
582,3,s3,s9,s18
583,3,s3,s9,s19
584,3,s3,s9,s20
585,3,s3,s9,s21
586,3,s3,s9,s22
587,3,s3,s9,s23
588,3,s3,s9,s24
589,3,s3,s10,s11
590,3,s3,s10,s12
591,3,s3,s10,s13
592,3,s3,s10,s14
593,3,s3,s10,s15
594,3,s3,s10,s16
595,3,s3,s10,s17
596,3,s3,s10,s18
597,3,s3,s10,s19
598,3,s3,s10,s20
599,3,s3,s10,s21
600,3,s3,s10,s22
601,3,s3,s10,s23
602,3,s3,s10,s24
603,3,s3,s11,s12
604,3,s3,s11,s13
605,3,s3,s11,s14
606,3,s3,s11,s15
607,3,s3,s11,s16
608,3,s3,s11,s17
609,3,s3,s11,s18
610,3,s3,s11,s19
611,3,s3,s11,s20
612,3,s3,s11,s21
613,3,s3,s11,s22
614,3,s3,s11,s23
615,3,s3,s11,s24
616,3,s3,s12,s13
617,3,s3,s12,s14
618,3,s3,s12,s15
619,3,s3,s12,s16
620,3,s3,s12,s17
621,3,s3,s12,s18
622,3,s3,s12,s19
623,3,s3,s12,s20
624,3,s3,s12,s21
625,3,s3,s12,s22
626,3,s3,s12,s23
627,3,s3,s12,s24
628,3,s3,s13,s14
629,3,s3,s13,s15
630,3,s3,s13,s16
631,3,s3,s13,s17
632,3,s3,s13,s18
633,3,s3,s13,s19
634,3,s3,s13,s20
635,3,s3,s13,s21
636,3,s3,s13,s22
637,3,s3,s13,s23
638,3,s3,s13,s24
639,3,s3,s14,s15
640,3,s3,s14,s16
641,3,s3,s14,s17
642,3,s3,s14,s18
643,3,s3,s14,s19
644,3,s3,s14,s20
645,3,s3,s14,s21
646,3,s3,s14,s22
647,3,s3,s14,s23
648,3,s3,s14,s24
649,3,s3,s15,s16
650,3,s3,s15,s17
651,3,s3,s15,s18
652,3,s3,s15,s19
653,3,s3,s15,s20
654,3,s3,s15,s21
655,3,s3,s15,s22
656,3,s3,s15,s23
657,3,s3,s15,s24
658,3,s3,s16,s17
659,3,s3,s16,s18
660,3,s3,s16,s19
661,3,s3,s16,s20
662,3,s3,s16,s21
663,3,s3,s16,s22
664,3,s3,s16,s23
665,3,s3,s16,s24
666,3,s3,s17,s18
667,3,s3,s17,s19
668,3,s3,s17,s20
669,3,s3,s17,s21
670,3,s3,s17,s22
671,3,s3,s17,s23
672,3,s3,s17,s24
673,3,s3,s18,s19
674,3,s3,s18,s20
675,3,s3,s18,s21
676,3,s3,s18,s22
677,3,s3,s18,s23
678,3,s3,s18,s24
679,3,s3,s19,s20
680,3,s3,s19,s21
681,3,s3,s19,s22
682,3,s3,s19,s23
683,3,s3,s19,s24
684,3,s3,s20,s21
685,3,s3,s20,s22
686,3,s3,s20,s23
687,3,s3,s20,s24
688,3,s3,s21,s22
689,3,s3,s21,s23
690,3,s3,s21,s24
691,3,s3,s22,s23
692,3,s3,s22,s24
693,3,s3,s23,s24
694,3,s4,s5,s6
695,3,s4,s5,s7
696,3,s4,s5,s8
697,3,s4,s5,s9
698,3,s4,s5,s10
699,3,s4,s5,s11
700,3,s4,s5,s12
701,3,s4,s5,s13
702,3,s4,s5,s14
703,3,s4,s5,s15
704,3,s4,s5,s16
705,3,s4,s5,s17
706,3,s4,s5,s18
707,3,s4,s5,s19
708,3,s4,s5,s20
709,3,s4,s5,s21
710,3,s4,s5,s22
711,3,s4,s5,s23
712,3,s4,s5,s24
713,3,s4,s6,s7
714,3,s4,s6,s8
715,3,s4,s6,s9
716,3,s4,s6,s10
717,3,s4,s6,s11
718,3,s4,s6,s12
719,3,s4,s6,s13
720,3,s4,s6,s14
721,3,s4,s6,s15
722,3,s4,s6,s16
723,3,s4,s6,s17
724,3,s4,s6,s18
725,3,s4,s6,s19
726,3,s4,s6,s20
727,3,s4,s6,s21
728,3,s4,s6,s22
729,3,s4,s6,s23
730,3,s4,s6,s24
731,3,s4,s7,s8
732,3,s4,s7,s9
733,3,s4,s7,s10
734,3,s4,s7,s11
735,3,s4,s7,s12
736,3,s4,s7,s13
737,3,s4,s7,s14
738,3,s4,s7,s15
739,3,s4,s7,s16
740,3,s4,s7,s17
741,3,s4,s7,s18
742,3,s4,s7,s19
743,3,s4,s7,s20
744,3,s4,s7,s21
745,3,s4,s7,s22
746,3,s4,s7,s23
747,3,s4,s7,s24
748,3,s4,s8,s9
749,3,s4,s8,s10
750,3,s4,s8,s11
751,3,s4,s8,s12
752,3,s4,s8,s13
753,3,s4,s8,s14
754,3,s4,s8,s15
755,3,s4,s8,s16
756,3,s4,s8,s17
757,3,s4,s8,s18
758,3,s4,s8,s19
759,3,s4,s8,s20
760,3,s4,s8,s21
761,3,s4,s8,s22
762,3,s4,s8,s23
763,3,s4,s8,s24
764,3,s4,s9,s10
765,3,s4,s9,s11
766,3,s4,s9,s12
767,3,s4,s9,s13
768,3,s4,s9,s14
769,3,s4,s9,s15
770,3,s4,s9,s16
771,3,s4,s9,s17
772,3,s4,s9,s18
773,3,s4,s9,s19
774,3,s4,s9,s20
775,3,s4,s9,s21
776,3,s4,s9,s22
777,3,s4,s9,s23
778,3,s4,s9,s24
779,3,s4,s10,s11
780,3,s4,s10,s12
781,3,s4,s10,s13
782,3,s4,s10,s14
783,3,s4,s10,s15
784,3,s4,s10,s16
785,3,s4,s10,s17
786,3,s4,s10,s18
787,3,s4,s10,s19
788,3,s4,s10,s20
789,3,s4,s10,s21
790,3,s4,s10,s22
791,3,s4,s10,s23
792,3,s4,s10,s24
793,3,s4,s11,s12
794,3,s4,s11,s13
795,3,s4,s11,s14
796,3,s4,s11,s15
797,3,s4,s11,s16
798,3,s4,s11,s17
799,3,s4,s11,s18
800,3,s4,s11,s19
801,3,s4,s11,s20
802,3,s4,s11,s21
803,3,s4,s11,s22
804,3,s4,s11,s23
805,3,s4,s11,s24
806,3,s4,s12,s13
807,3,s4,s12,s14
808,3,s4,s12,s15
809,3,s4,s12,s16
810,3,s4,s12,s17
811,3,s4,s12,s18
812,3,s4,s12,s19
813,3,s4,s12,s20
814,3,s4,s12,s21
815,3,s4,s12,s22
816,3,s4,s12,s23
817,3,s4,s12,s24
818,3,s4,s13,s14
819,3,s4,s13,s15
820,3,s4,s13,s16
821,3,s4,s13,s17
822,3,s4,s13,s18
823,3,s4,s13,s19
824,3,s4,s13,s20
825,3,s4,s13,s21
826,3,s4,s13,s22
827,3,s4,s13,s23
828,3,s4,s13,s24
829,3,s4,s14,s15
830,3,s4,s14,s16
831,3,s4,s14,s17
832,3,s4,s14,s18
833,3,s4,s14,s19
834,3,s4,s14,s20
835,3,s4,s14,s21
836,3,s4,s14,s22
837,3,s4,s14,s23
838,3,s4,s14,s24
839,3,s4,s15,s16
840,3,s4,s15,s17
841,3,s4,s15,s18
842,3,s4,s15,s19
843,3,s4,s15,s20
844,3,s4,s15,s21
845,3,s4,s15,s22
846,3,s4,s15,s23
847,3,s4,s15,s24
848,3,s4,s16,s17
849,3,s4,s16,s18
850,3,s4,s16,s19
851,3,s4,s16,s20
852,3,s4,s16,s21
853,3,s4,s16,s22
854,3,s4,s16,s23
855,3,s4,s16,s24
856,3,s4,s17,s18
857,3,s4,s17,s19
858,3,s4,s17,s20
859,3,s4,s17,s21
860,3,s4,s17,s22
861,3,s4,s17,s23
862,3,s4,s17,s24
863,3,s4,s18,s19
864,3,s4,s18,s20
865,3,s4,s18,s21
866,3,s4,s18,s22
867,3,s4,s18,s23
868,3,s4,s18,s24
869,3,s4,s19,s20
870,3,s4,s19,s21
871,3,s4,s19,s22
872,3,s4,s19,s23
873,3,s4,s19,s24
874,3,s4,s20,s21
875,3,s4,s20,s22
876,3,s4,s20,s23
877,3,s4,s20,s24
878,3,s4,s21,s22
879,3,s4,s21,s23
880,3,s4,s21,s24
881,3,s4,s22,s23
882,3,s4,s22,s24
883,3,s4,s23,s24
884,3,s5,s6,s7
885,3,s5,s6,s8
886,3,s5,s6,s9
887,3,s5,s6,s10
888,3,s5,s6,s11
889,3,s5,s6,s12
890,3,s5,s6,s13
891,3,s5,s6,s14
892,3,s5,s6,s15
893,3,s5,s6,s16
894,3,s5,s6,s17
895,3,s5,s6,s18
896,3,s5,s6,s19
897,3,s5,s6,s20
898,3,s5,s6,s21
899,3,s5,s6,s22
900,3,s5,s6,s23
901,3,s5,s6,s24
902,3,s5,s7,s8
903,3,s5,s7,s9
904,3,s5,s7,s10
905,3,s5,s7,s11
906,3,s5,s7,s12
907,3,s5,s7,s13
908,3,s5,s7,s14
909,3,s5,s7,s15
910,3,s5,s7,s16
911,3,s5,s7,s17
912,3,s5,s7,s18
913,3,s5,s7,s19
914,3,s5,s7,s20
915,3,s5,s7,s21
916,3,s5,s7,s22
917,3,s5,s7,s23
918,3,s5,s7,s24
919,3,s5,s8,s9
920,3,s5,s8,s10
921,3,s5,s8,s11
922,3,s5,s8,s12
923,3,s5,s8,s13
924,3,s5,s8,s14
925,3,s5,s8,s15
926,3,s5,s8,s16
927,3,s5,s8,s17
928,3,s5,s8,s18
929,3,s5,s8,s19
930,3,s5,s8,s20
931,3,s5,s8,s21
932,3,s5,s8,s22
933,3,s5,s8,s23
934,3,s5,s8,s24
935,3,s5,s9,s10
936,3,s5,s9,s11
937,3,s5,s9,s12
938,3,s5,s9,s13
939,3,s5,s9,s14
940,3,s5,s9,s15
941,3,s5,s9,s16
942,3,s5,s9,s17
943,3,s5,s9,s18
944,3,s5,s9,s19
945,3,s5,s9,s20
946,3,s5,s9,s21
947,3,s5,s9,s22
948,3,s5,s9,s23
949,3,s5,s9,s24
950,3,s5,s10,s11
951,3,s5,s10,s12
952,3,s5,s10,s13
953,3,s5,s10,s14
954,3,s5,s10,s15
955,3,s5,s10,s16
956,3,s5,s10,s17
957,3,s5,s10,s18
958,3,s5,s10,s19
959,3,s5,s10,s20
960,3,s5,s10,s21
961,3,s5,s10,s22
962,3,s5,s10,s23
963,3,s5,s10,s24
964,3,s5,s11,s12
965,3,s5,s11,s13
966,3,s5,s11,s14
967,3,s5,s11,s15
968,3,s5,s11,s16
969,3,s5,s11,s17
970,3,s5,s11,s18
971,3,s5,s11,s19
972,3,s5,s11,s20
973,3,s5,s11,s21
974,3,s5,s11,s22
975,3,s5,s11,s23
976,3,s5,s11,s24
977,3,s5,s12,s13
978,3,s5,s12,s14
979,3,s5,s12,s15
980,3,s5,s12,s16
981,3,s5,s12,s17
982,3,s5,s12,s18
983,3,s5,s12,s19
984,3,s5,s12,s20
985,3,s5,s12,s21
986,3,s5,s12,s22
987,3,s5,s12,s23
988,3,s5,s12,s24
989,3,s5,s13,s14
990,3,s5,s13,s15
991,3,s5,s13,s16
992,3,s5,s13,s17
993,3,s5,s13,s18
994,3,s5,s13,s19
995,3,s5,s13,s20
996,3,s5,s13,s21
997,3,s5,s13,s22
998,3,s5,s13,s23
999,3,s5,s13,s24
1000,3,s5,s14,s15
1001,3,s5,s14,s16
1002,3,s5,s14,s17
1003,3,s5,s14,s18
1004,3,s5,s14,s19
1005,3,s5,s14,s20
1006,3,s5,s14,s21
1007,3,s5,s14,s22
1008,3,s5,s14,s23
1009,3,s5,s14,s24
1010,3,s5,s15,s16
1011,3,s5,s15,s17
1012,3,s5,s15,s18
1013,3,s5,s15,s19
1014,3,s5,s15,s20
1015,3,s5,s15,s21
1016,3,s5,s15,s22
1017,3,s5,s15,s23
1018,3,s5,s15,s24
1019,3,s5,s16,s17
1020,3,s5,s16,s18
1021,3,s5,s16,s19
1022,3,s5,s16,s20
1023,3,s5,s16,s21
1024,3,s5,s16,s22
1025,3,s5,s16,s23
1026,3,s5,s16,s24
1027,3,s5,s17,s18
1028,3,s5,s17,s19
1029,3,s5,s17,s20
1030,3,s5,s17,s21
1031,3,s5,s17,s22
1032,3,s5,s17,s23
1033,3,s5,s17,s24
1034,3,s5,s18,s19
1035,3,s5,s18,s20
1036,3,s5,s18,s21
1037,3,s5,s18,s22
1038,3,s5,s18,s23
1039,3,s5,s18,s24
1040,3,s5,s19,s20
1041,3,s5,s19,s21
1042,3,s5,s19,s22
1043,3,s5,s19,s23
1044,3,s5,s19,s24
1045,3,s5,s20,s21
1046,3,s5,s20,s22
1047,3,s5,s20,s23
1048,3,s5,s20,s24
1049,3,s5,s21,s22
1050,3,s5,s21,s23
1051,3,s5,s21,s24
1052,3,s5,s22,s23
1053,3,s5,s22,s24
1054,3,s5,s23,s24
1055,3,s6,s7,s8
1056,3,s6,s7,s9
1057,3,s6,s7,s10
1058,3,s6,s7,s11
1059,3,s6,s7,s12
1060,3,s6,s7,s13
1061,3,s6,s7,s14
1062,3,s6,s7,s15
1063,3,s6,s7,s16
1064,3,s6,s7,s17
1065,3,s6,s7,s18
1066,3,s6,s7,s19
1067,3,s6,s7,s20
1068,3,s6,s7,s21
1069,3,s6,s7,s22
1070,3,s6,s7,s23
1071,3,s6,s7,s24
1072,3,s6,s8,s9
1073,3,s6,s8,s10
1074,3,s6,s8,s11
1075,3,s6,s8,s12
1076,3,s6,s8,s13
1077,3,s6,s8,s14
1078,3,s6,s8,s15
1079,3,s6,s8,s16
1080,3,s6,s8,s17
1081,3,s6,s8,s18
1082,3,s6,s8,s19
1083,3,s6,s8,s20
1084,3,s6,s8,s21
1085,3,s6,s8,s22
1086,3,s6,s8,s23
1087,3,s6,s8,s24
1088,3,s6,s9,s10
1089,3,s6,s9,s11
1090,3,s6,s9,s12
1091,3,s6,s9,s13
1092,3,s6,s9,s14
1093,3,s6,s9,s15
1094,3,s6,s9,s16
1095,3,s6,s9,s17
1096,3,s6,s9,s18
1097,3,s6,s9,s19
1098,3,s6,s9,s20
1099,3,s6,s9,s21
1100,3,s6,s9,s22
1101,3,s6,s9,s23
1102,3,s6,s9,s24
1103,3,s6,s10,s11
1104,3,s6,s10,s12
1105,3,s6,s10,s13
1106,3,s6,s10,s14
1107,3,s6,s10,s15
1108,3,s6,s10,s16
1109,3,s6,s10,s17
1110,3,s6,s10,s18
1111,3,s6,s10,s19
1112,3,s6,s10,s20
1113,3,s6,s10,s21
1114,3,s6,s10,s22
1115,3,s6,s10,s23
1116,3,s6,s10,s24
1117,3,s6,s11,s12
1118,3,s6,s11,s13
1119,3,s6,s11,s14
1120,3,s6,s11,s15
1121,3,s6,s11,s16
1122,3,s6,s11,s17
1123,3,s6,s11,s18
1124,3,s6,s11,s19
1125,3,s6,s11,s20
1126,3,s6,s11,s21
1127,3,s6,s11,s22
1128,3,s6,s11,s23
1129,3,s6,s11,s24
1130,3,s6,s12,s13
1131,3,s6,s12,s14
1132,3,s6,s12,s15
1133,3,s6,s12,s16
1134,3,s6,s12,s17
1135,3,s6,s12,s18
1136,3,s6,s12,s19
1137,3,s6,s12,s20
1138,3,s6,s12,s21
1139,3,s6,s12,s22
1140,3,s6,s12,s23
1141,3,s6,s12,s24
1142,3,s6,s13,s14
1143,3,s6,s13,s15
1144,3,s6,s13,s16
1145,3,s6,s13,s17
1146,3,s6,s13,s18
1147,3,s6,s13,s19
1148,3,s6,s13,s20
1149,3,s6,s13,s21
1150,3,s6,s13,s22
1151,3,s6,s13,s23
1152,3,s6,s13,s24
1153,3,s6,s14,s15
1154,3,s6,s14,s16
1155,3,s6,s14,s17
1156,3,s6,s14,s18
1157,3,s6,s14,s19
1158,3,s6,s14,s20
1159,3,s6,s14,s21
1160,3,s6,s14,s22
1161,3,s6,s14,s23
1162,3,s6,s14,s24
1163,3,s6,s15,s16
1164,3,s6,s15,s17
1165,3,s6,s15,s18
1166,3,s6,s15,s19
1167,3,s6,s15,s20
1168,3,s6,s15,s21
1169,3,s6,s15,s22
1170,3,s6,s15,s23
1171,3,s6,s15,s24
1172,3,s6,s16,s17
1173,3,s6,s16,s18
1174,3,s6,s16,s19
1175,3,s6,s16,s20
1176,3,s6,s16,s21
1177,3,s6,s16,s22
1178,3,s6,s16,s23
1179,3,s6,s16,s24
1180,3,s6,s17,s18
1181,3,s6,s17,s19
1182,3,s6,s17,s20
1183,3,s6,s17,s21
1184,3,s6,s17,s22
1185,3,s6,s17,s23
1186,3,s6,s17,s24
1187,3,s6,s18,s19
1188,3,s6,s18,s20
1189,3,s6,s18,s21
1190,3,s6,s18,s22
1191,3,s6,s18,s23
1192,3,s6,s18,s24
1193,3,s6,s19,s20
1194,3,s6,s19,s21
1195,3,s6,s19,s22
1196,3,s6,s19,s23
1197,3,s6,s19,s24
1198,3,s6,s20,s21
1199,3,s6,s20,s22
1200,3,s6,s20,s23
1201,3,s6,s20,s24
1202,3,s6,s21,s22
1203,3,s6,s21,s23
1204,3,s6,s21,s24
1205,3,s6,s22,s23
1206,3,s6,s22,s24
1207,3,s6,s23,s24
1208,3,s7,s8,s9
1209,3,s7,s8,s10
1210,3,s7,s8,s11
1211,3,s7,s8,s12
1212,3,s7,s8,s13
1213,3,s7,s8,s14
1214,3,s7,s8,s15
1215,3,s7,s8,s16
1216,3,s7,s8,s17
1217,3,s7,s8,s18
1218,3,s7,s8,s19
1219,3,s7,s8,s20
1220,3,s7,s8,s21
1221,3,s7,s8,s22
1222,3,s7,s8,s23
1223,3,s7,s8,s24
1224,3,s7,s9,s10
1225,3,s7,s9,s11
1226,3,s7,s9,s12
1227,3,s7,s9,s13
1228,3,s7,s9,s14
1229,3,s7,s9,s15
1230,3,s7,s9,s16
1231,3,s7,s9,s17
1232,3,s7,s9,s18
1233,3,s7,s9,s19
1234,3,s7,s9,s20
1235,3,s7,s9,s21
1236,3,s7,s9,s22
1237,3,s7,s9,s23
1238,3,s7,s9,s24
1239,3,s7,s10,s11
1240,3,s7,s10,s12
1241,3,s7,s10,s13
1242,3,s7,s10,s14
1243,3,s7,s10,s15
1244,3,s7,s10,s16
1245,3,s7,s10,s17
1246,3,s7,s10,s18
1247,3,s7,s10,s19
1248,3,s7,s10,s20
1249,3,s7,s10,s21
1250,3,s7,s10,s22
1251,3,s7,s10,s23
1252,3,s7,s10,s24
1253,3,s7,s11,s12
1254,3,s7,s11,s13
1255,3,s7,s11,s14
1256,3,s7,s11,s15
1257,3,s7,s11,s16
1258,3,s7,s11,s17
1259,3,s7,s11,s18
1260,3,s7,s11,s19
1261,3,s7,s11,s20
1262,3,s7,s11,s21
1263,3,s7,s11,s22
1264,3,s7,s11,s23
1265,3,s7,s11,s24
1266,3,s7,s12,s13
1267,3,s7,s12,s14
1268,3,s7,s12,s15
1269,3,s7,s12,s16
1270,3,s7,s12,s17
1271,3,s7,s12,s18
1272,3,s7,s12,s19
1273,3,s7,s12,s20
1274,3,s7,s12,s21
1275,3,s7,s12,s22
1276,3,s7,s12,s23
1277,3,s7,s12,s24
1278,3,s7,s13,s14
1279,3,s7,s13,s15
1280,3,s7,s13,s16
1281,3,s7,s13,s17
1282,3,s7,s13,s18
1283,3,s7,s13,s19
1284,3,s7,s13,s20
1285,3,s7,s13,s21
1286,3,s7,s13,s22
1287,3,s7,s13,s23
1288,3,s7,s13,s24
1289,3,s7,s14,s15
1290,3,s7,s14,s16
1291,3,s7,s14,s17
1292,3,s7,s14,s18
1293,3,s7,s14,s19
1294,3,s7,s14,s20
1295,3,s7,s14,s21
1296,3,s7,s14,s22
1297,3,s7,s14,s23
1298,3,s7,s14,s24
1299,3,s7,s15,s16
1300,3,s7,s15,s17
1301,3,s7,s15,s18
1302,3,s7,s15,s19
1303,3,s7,s15,s20
1304,3,s7,s15,s21
1305,3,s7,s15,s22
1306,3,s7,s15,s23
1307,3,s7,s15,s24
1308,3,s7,s16,s17
1309,3,s7,s16,s18
1310,3,s7,s16,s19
1311,3,s7,s16,s20
1312,3,s7,s16,s21
1313,3,s7,s16,s22
1314,3,s7,s16,s23
1315,3,s7,s16,s24
1316,3,s7,s17,s18
1317,3,s7,s17,s19
1318,3,s7,s17,s20
1319,3,s7,s17,s21
1320,3,s7,s17,s22
1321,3,s7,s17,s23
1322,3,s7,s17,s24
1323,3,s7,s18,s19
1324,3,s7,s18,s20
1325,3,s7,s18,s21
1326,3,s7,s18,s22
1327,3,s7,s18,s23
1328,3,s7,s18,s24
1329,3,s7,s19,s20
1330,3,s7,s19,s21
1331,3,s7,s19,s22
1332,3,s7,s19,s23
1333,3,s7,s19,s24
1334,3,s7,s20,s21
1335,3,s7,s20,s22
1336,3,s7,s20,s23
1337,3,s7,s20,s24
1338,3,s7,s21,s22
1339,3,s7,s21,s23
1340,3,s7,s21,s24
1341,3,s7,s22,s23
1342,3,s7,s22,s24
1343,3,s7,s23,s24
1344,3,s8,s9,s10
1345,3,s8,s9,s11
1346,3,s8,s9,s12
1347,3,s8,s9,s13
1348,3,s8,s9,s14
1349,3,s8,s9,s15
1350,3,s8,s9,s16
1351,3,s8,s9,s17
1352,3,s8,s9,s18
1353,3,s8,s9,s19
1354,3,s8,s9,s20
1355,3,s8,s9,s21
1356,3,s8,s9,s22
1357,3,s8,s9,s23
1358,3,s8,s9,s24
1359,3,s8,s10,s11
1360,3,s8,s10,s12
1361,3,s8,s10,s13
1362,3,s8,s10,s14
1363,3,s8,s10,s15
1364,3,s8,s10,s16
1365,3,s8,s10,s17
1366,3,s8,s10,s18
1367,3,s8,s10,s19
1368,3,s8,s10,s20
1369,3,s8,s10,s21
1370,3,s8,s10,s22
1371,3,s8,s10,s23
1372,3,s8,s10,s24
1373,3,s8,s11,s12
1374,3,s8,s11,s13
1375,3,s8,s11,s14
1376,3,s8,s11,s15
1377,3,s8,s11,s16
1378,3,s8,s11,s17
1379,3,s8,s11,s18
1380,3,s8,s11,s19
1381,3,s8,s11,s20
1382,3,s8,s11,s21
1383,3,s8,s11,s22
1384,3,s8,s11,s23
1385,3,s8,s11,s24
1386,3,s8,s12,s13
1387,3,s8,s12,s14
1388,3,s8,s12,s15
1389,3,s8,s12,s16
1390,3,s8,s12,s17
1391,3,s8,s12,s18
1392,3,s8,s12,s19
1393,3,s8,s12,s20
1394,3,s8,s12,s21
1395,3,s8,s12,s22
1396,3,s8,s12,s23
1397,3,s8,s12,s24
1398,3,s8,s13,s14
1399,3,s8,s13,s15
1400,3,s8,s13,s16
1401,3,s8,s13,s17
1402,3,s8,s13,s18
1403,3,s8,s13,s19
1404,3,s8,s13,s20
1405,3,s8,s13,s21
1406,3,s8,s13,s22
1407,3,s8,s13,s23
1408,3,s8,s13,s24
1409,3,s8,s14,s15
1410,3,s8,s14,s16
1411,3,s8,s14,s17
1412,3,s8,s14,s18
1413,3,s8,s14,s19
1414,3,s8,s14,s20
1415,3,s8,s14,s21
1416,3,s8,s14,s22
1417,3,s8,s14,s23
1418,3,s8,s14,s24
1419,3,s8,s15,s16
1420,3,s8,s15,s17
1421,3,s8,s15,s18
1422,3,s8,s15,s19
1423,3,s8,s15,s20
1424,3,s8,s15,s21
1425,3,s8,s15,s22
1426,3,s8,s15,s23
1427,3,s8,s15,s24
1428,3,s8,s16,s17
1429,3,s8,s16,s18
1430,3,s8,s16,s19
1431,3,s8,s16,s20
1432,3,s8,s16,s21
1433,3,s8,s16,s22
1434,3,s8,s16,s23
1435,3,s8,s16,s24
1436,3,s8,s17,s18
1437,3,s8,s17,s19
1438,3,s8,s17,s20
1439,3,s8,s17,s21
1440,3,s8,s17,s22
1441,3,s8,s17,s23
1442,3,s8,s17,s24
1443,3,s8,s18,s19
1444,3,s8,s18,s20
1445,3,s8,s18,s21
1446,3,s8,s18,s22
1447,3,s8,s18,s23
1448,3,s8,s18,s24
1449,3,s8,s19,s20
1450,3,s8,s19,s21
1451,3,s8,s19,s22
1452,3,s8,s19,s23
1453,3,s8,s19,s24
1454,3,s8,s20,s21
1455,3,s8,s20,s22
1456,3,s8,s20,s23
1457,3,s8,s20,s24
1458,3,s8,s21,s22
1459,3,s8,s21,s23
1460,3,s8,s21,s24
1461,3,s8,s22,s23
1462,3,s8,s22,s24
1463,3,s8,s23,s24
1464,3,s9,s10,s11
1465,3,s9,s10,s12
1466,3,s9,s10,s13
1467,3,s9,s10,s14
1468,3,s9,s10,s15
1469,3,s9,s10,s16
1470,3,s9,s10,s17
1471,3,s9,s10,s18
1472,3,s9,s10,s19
1473,3,s9,s10,s20
1474,3,s9,s10,s21
1475,3,s9,s10,s22
1476,3,s9,s10,s23
1477,3,s9,s10,s24
1478,3,s9,s11,s12
1479,3,s9,s11,s13
1480,3,s9,s11,s14
1481,3,s9,s11,s15
1482,3,s9,s11,s16
1483,3,s9,s11,s17
1484,3,s9,s11,s18
1485,3,s9,s11,s19
1486,3,s9,s11,s20
1487,3,s9,s11,s21
1488,3,s9,s11,s22
1489,3,s9,s11,s23
1490,3,s9,s11,s24
1491,3,s9,s12,s13
1492,3,s9,s12,s14
1493,3,s9,s12,s15
1494,3,s9,s12,s16
1495,3,s9,s12,s17
1496,3,s9,s12,s18
1497,3,s9,s12,s19
1498,3,s9,s12,s20
1499,3,s9,s12,s21
1500,3,s9,s12,s22
1501,3,s9,s12,s23
1502,3,s9,s12,s24
1503,3,s9,s13,s14
1504,3,s9,s13,s15
1505,3,s9,s13,s16
1506,3,s9,s13,s17
1507,3,s9,s13,s18
1508,3,s9,s13,s19
1509,3,s9,s13,s20
1510,3,s9,s13,s21
1511,3,s9,s13,s22
1512,3,s9,s13,s23
1513,3,s9,s13,s24
1514,3,s9,s14,s15
1515,3,s9,s14,s16
1516,3,s9,s14,s17
1517,3,s9,s14,s18
1518,3,s9,s14,s19
1519,3,s9,s14,s20
1520,3,s9,s14,s21
1521,3,s9,s14,s22
1522,3,s9,s14,s23
1523,3,s9,s14,s24
1524,3,s9,s15,s16
1525,3,s9,s15,s17
1526,3,s9,s15,s18
1527,3,s9,s15,s19
1528,3,s9,s15,s20
1529,3,s9,s15,s21
1530,3,s9,s15,s22
1531,3,s9,s15,s23
1532,3,s9,s15,s24
1533,3,s9,s16,s17
1534,3,s9,s16,s18
1535,3,s9,s16,s19
1536,3,s9,s16,s20
1537,3,s9,s16,s21
1538,3,s9,s16,s22
1539,3,s9,s16,s23
1540,3,s9,s16,s24
1541,3,s9,s17,s18
1542,3,s9,s17,s19
1543,3,s9,s17,s20
1544,3,s9,s17,s21
1545,3,s9,s17,s22
1546,3,s9,s17,s23
1547,3,s9,s17,s24
1548,3,s9,s18,s19
1549,3,s9,s18,s20
1550,3,s9,s18,s21
1551,3,s9,s18,s22
1552,3,s9,s18,s23
1553,3,s9,s18,s24
1554,3,s9,s19,s20
1555,3,s9,s19,s21
1556,3,s9,s19,s22
1557,3,s9,s19,s23
1558,3,s9,s19,s24
1559,3,s9,s20,s21
1560,3,s9,s20,s22
1561,3,s9,s20,s23
1562,3,s9,s20,s24
1563,3,s9,s21,s22
1564,3,s9,s21,s23
1565,3,s9,s21,s24
1566,3,s9,s22,s23
1567,3,s9,s22,s24
1568,3,s9,s23,s24
1569,3,s10,s11,s12
1570,3,s10,s11,s13
1571,3,s10,s11,s14
1572,3,s10,s11,s15
1573,3,s10,s11,s16
1574,3,s10,s11,s17
1575,3,s10,s11,s18
1576,3,s10,s11,s19
1577,3,s10,s11,s20
1578,3,s10,s11,s21
1579,3,s10,s11,s22
1580,3,s10,s11,s23
1581,3,s10,s11,s24
1582,3,s10,s12,s13
1583,3,s10,s12,s14
1584,3,s10,s12,s15
1585,3,s10,s12,s16
1586,3,s10,s12,s17
1587,3,s10,s12,s18
1588,3,s10,s12,s19
1589,3,s10,s12,s20
1590,3,s10,s12,s21
1591,3,s10,s12,s22
1592,3,s10,s12,s23
1593,3,s10,s12,s24
1594,3,s10,s13,s14
1595,3,s10,s13,s15
1596,3,s10,s13,s16
1597,3,s10,s13,s17
1598,3,s10,s13,s18
1599,3,s10,s13,s19
1600,3,s10,s13,s20
1601,3,s10,s13,s21
1602,3,s10,s13,s22
1603,3,s10,s13,s23
1604,3,s10,s13,s24
1605,3,s10,s14,s15
1606,3,s10,s14,s16
1607,3,s10,s14,s17
1608,3,s10,s14,s18
1609,3,s10,s14,s19
1610,3,s10,s14,s20
1611,3,s10,s14,s21
1612,3,s10,s14,s22
1613,3,s10,s14,s23
1614,3,s10,s14,s24
1615,3,s10,s15,s16
1616,3,s10,s15,s17
1617,3,s10,s15,s18
1618,3,s10,s15,s19
1619,3,s10,s15,s20
1620,3,s10,s15,s21
1621,3,s10,s15,s22
1622,3,s10,s15,s23
1623,3,s10,s15,s24
1624,3,s10,s16,s17
1625,3,s10,s16,s18
1626,3,s10,s16,s19
1627,3,s10,s16,s20
1628,3,s10,s16,s21
1629,3,s10,s16,s22
1630,3,s10,s16,s23
1631,3,s10,s16,s24
1632,3,s10,s17,s18
1633,3,s10,s17,s19
1634,3,s10,s17,s20
1635,3,s10,s17,s21
1636,3,s10,s17,s22
1637,3,s10,s17,s23
1638,3,s10,s17,s24
1639,3,s10,s18,s19
1640,3,s10,s18,s20
1641,3,s10,s18,s21
1642,3,s10,s18,s22
1643,3,s10,s18,s23
1644,3,s10,s18,s24
1645,3,s10,s19,s20
1646,3,s10,s19,s21
1647,3,s10,s19,s22
1648,3,s10,s19,s23
1649,3,s10,s19,s24
1650,3,s10,s20,s21
1651,3,s10,s20,s22
1652,3,s10,s20,s23
1653,3,s10,s20,s24
1654,3,s10,s21,s22
1655,3,s10,s21,s23
1656,3,s10,s21,s24
1657,3,s10,s22,s23
1658,3,s10,s22,s24
1659,3,s10,s23,s24
1660,3,s11,s12,s13
1661,3,s11,s12,s14
1662,3,s11,s12,s15
1663,3,s11,s12,s16
1664,3,s11,s12,s17
1665,3,s11,s12,s18
1666,3,s11,s12,s19
1667,3,s11,s12,s20
1668,3,s11,s12,s21
1669,3,s11,s12,s22
1670,3,s11,s12,s23
1671,3,s11,s12,s24
1672,3,s11,s13,s14
1673,3,s11,s13,s15
1674,3,s11,s13,s16
1675,3,s11,s13,s17
1676,3,s11,s13,s18
1677,3,s11,s13,s19
1678,3,s11,s13,s20
1679,3,s11,s13,s21
1680,3,s11,s13,s22
1681,3,s11,s13,s23
1682,3,s11,s13,s24
1683,3,s11,s14,s15
1684,3,s11,s14,s16
1685,3,s11,s14,s17
1686,3,s11,s14,s18
1687,3,s11,s14,s19
1688,3,s11,s14,s20
1689,3,s11,s14,s21
1690,3,s11,s14,s22
1691,3,s11,s14,s23
1692,3,s11,s14,s24
1693,3,s11,s15,s16
1694,3,s11,s15,s17
1695,3,s11,s15,s18
1696,3,s11,s15,s19
1697,3,s11,s15,s20
1698,3,s11,s15,s21
1699,3,s11,s15,s22
1700,3,s11,s15,s23
1701,3,s11,s15,s24
1702,3,s11,s16,s17
1703,3,s11,s16,s18
1704,3,s11,s16,s19
1705,3,s11,s16,s20
1706,3,s11,s16,s21
1707,3,s11,s16,s22
1708,3,s11,s16,s23
1709,3,s11,s16,s24
1710,3,s11,s17,s18
1711,3,s11,s17,s19
1712,3,s11,s17,s20
1713,3,s11,s17,s21
1714,3,s11,s17,s22
1715,3,s11,s17,s23
1716,3,s11,s17,s24
1717,3,s11,s18,s19
1718,3,s11,s18,s20
1719,3,s11,s18,s21
1720,3,s11,s18,s22
1721,3,s11,s18,s23
1722,3,s11,s18,s24
1723,3,s11,s19,s20
1724,3,s11,s19,s21
1725,3,s11,s19,s22
1726,3,s11,s19,s23
1727,3,s11,s19,s24
1728,3,s11,s20,s21
1729,3,s11,s20,s22
1730,3,s11,s20,s23
1731,3,s11,s20,s24
1732,3,s11,s21,s22
1733,3,s11,s21,s23
1734,3,s11,s21,s24
1735,3,s11,s22,s23
1736,3,s11,s22,s24
1737,3,s11,s23,s24
1738,3,s12,s13,s14
1739,3,s12,s13,s15
1740,3,s12,s13,s16
1741,3,s12,s13,s17
1742,3,s12,s13,s18
1743,3,s12,s13,s19
1744,3,s12,s13,s20
1745,3,s12,s13,s21
1746,3,s12,s13,s22
1747,3,s12,s13,s23
1748,3,s12,s13,s24
1749,3,s12,s14,s15
1750,3,s12,s14,s16
1751,3,s12,s14,s17
1752,3,s12,s14,s18
1753,3,s12,s14,s19
1754,3,s12,s14,s20
1755,3,s12,s14,s21
1756,3,s12,s14,s22
1757,3,s12,s14,s23
1758,3,s12,s14,s24
1759,3,s12,s15,s16
1760,3,s12,s15,s17
1761,3,s12,s15,s18
1762,3,s12,s15,s19
1763,3,s12,s15,s20
1764,3,s12,s15,s21
1765,3,s12,s15,s22
1766,3,s12,s15,s23
1767,3,s12,s15,s24
1768,3,s12,s16,s17
1769,3,s12,s16,s18
1770,3,s12,s16,s19
1771,3,s12,s16,s20
1772,3,s12,s16,s21
1773,3,s12,s16,s22
1774,3,s12,s16,s23
1775,3,s12,s16,s24
1776,3,s12,s17,s18
1777,3,s12,s17,s19
1778,3,s12,s17,s20
1779,3,s12,s17,s21
1780,3,s12,s17,s22
1781,3,s12,s17,s23
1782,3,s12,s17,s24
1783,3,s12,s18,s19
1784,3,s12,s18,s20
1785,3,s12,s18,s21
1786,3,s12,s18,s22
1787,3,s12,s18,s23
1788,3,s12,s18,s24
1789,3,s12,s19,s20
1790,3,s12,s19,s21
1791,3,s12,s19,s22
1792,3,s12,s19,s23
1793,3,s12,s19,s24
1794,3,s12,s20,s21
1795,3,s12,s20,s22
1796,3,s12,s20,s23
1797,3,s12,s20,s24
1798,3,s12,s21,s22
1799,3,s12,s21,s23
1800,3,s12,s21,s24
1801,3,s12,s22,s23
1802,3,s12,s22,s24
1803,3,s12,s23,s24
1804,3,s13,s14,s15
1805,3,s13,s14,s16
1806,3,s13,s14,s17
1807,3,s13,s14,s18
1808,3,s13,s14,s19
1809,3,s13,s14,s20
1810,3,s13,s14,s21
1811,3,s13,s14,s22
1812,3,s13,s14,s23
1813,3,s13,s14,s24
1814,3,s13,s15,s16
1815,3,s13,s15,s17
1816,3,s13,s15,s18
1817,3,s13,s15,s19
1818,3,s13,s15,s20
1819,3,s13,s15,s21
1820,3,s13,s15,s22
1821,3,s13,s15,s23
1822,3,s13,s15,s24
1823,3,s13,s16,s17
1824,3,s13,s16,s18
1825,3,s13,s16,s19
1826,3,s13,s16,s20
1827,3,s13,s16,s21
1828,3,s13,s16,s22
1829,3,s13,s16,s23
1830,3,s13,s16,s24
1831,3,s13,s17,s18
1832,3,s13,s17,s19
1833,3,s13,s17,s20
1834,3,s13,s17,s21
1835,3,s13,s17,s22
1836,3,s13,s17,s23
1837,3,s13,s17,s24
1838,3,s13,s18,s19
1839,3,s13,s18,s20
1840,3,s13,s18,s21
1841,3,s13,s18,s22
1842,3,s13,s18,s23
1843,3,s13,s18,s24
1844,3,s13,s19,s20
1845,3,s13,s19,s21
1846,3,s13,s19,s22
1847,3,s13,s19,s23
1848,3,s13,s19,s24
1849,3,s13,s20,s21
1850,3,s13,s20,s22
1851,3,s13,s20,s23
1852,3,s13,s20,s24
1853,3,s13,s21,s22
1854,3,s13,s21,s23
1855,3,s13,s21,s24
1856,3,s13,s22,s23
1857,3,s13,s22,s24
1858,3,s13,s23,s24
1859,3,s14,s15,s16
1860,3,s14,s15,s17
1861,3,s14,s15,s18
1862,3,s14,s15,s19
1863,3,s14,s15,s20
1864,3,s14,s15,s21
1865,3,s14,s15,s22
1866,3,s14,s15,s23
1867,3,s14,s15,s24
1868,3,s14,s16,s17
1869,3,s14,s16,s18
1870,3,s14,s16,s19
1871,3,s14,s16,s20
1872,3,s14,s16,s21
1873,3,s14,s16,s22
1874,3,s14,s16,s23
1875,3,s14,s16,s24
1876,3,s14,s17,s18
1877,3,s14,s17,s19
1878,3,s14,s17,s20
1879,3,s14,s17,s21
1880,3,s14,s17,s22
1881,3,s14,s17,s23
1882,3,s14,s17,s24
1883,3,s14,s18,s19
1884,3,s14,s18,s20
1885,3,s14,s18,s21
1886,3,s14,s18,s22
1887,3,s14,s18,s23
1888,3,s14,s18,s24
1889,3,s14,s19,s20
1890,3,s14,s19,s21
1891,3,s14,s19,s22
1892,3,s14,s19,s23
1893,3,s14,s19,s24
1894,3,s14,s20,s21
1895,3,s14,s20,s22
1896,3,s14,s20,s23
1897,3,s14,s20,s24
1898,3,s14,s21,s22
1899,3,s14,s21,s23
1900,3,s14,s21,s24
1901,3,s14,s22,s23
1902,3,s14,s22,s24
1903,3,s14,s23,s24
1904,3,s15,s16,s17
1905,3,s15,s16,s18
1906,3,s15,s16,s19
1907,3,s15,s16,s20
1908,3,s15,s16,s21
1909,3,s15,s16,s22
1910,3,s15,s16,s23
1911,3,s15,s16,s24
1912,3,s15,s17,s18
1913,3,s15,s17,s19
1914,3,s15,s17,s20
1915,3,s15,s17,s21
1916,3,s15,s17,s22
1917,3,s15,s17,s23
1918,3,s15,s17,s24
1919,3,s15,s18,s19
1920,3,s15,s18,s20
1921,3,s15,s18,s21
1922,3,s15,s18,s22
1923,3,s15,s18,s23
1924,3,s15,s18,s24
1925,3,s15,s19,s20
1926,3,s15,s19,s21
1927,3,s15,s19,s22
1928,3,s15,s19,s23
1929,3,s15,s19,s24
1930,3,s15,s20,s21
1931,3,s15,s20,s22
1932,3,s15,s20,s23
1933,3,s15,s20,s24
1934,3,s15,s21,s22
1935,3,s15,s21,s23
1936,3,s15,s21,s24
1937,3,s15,s22,s23
1938,3,s15,s22,s24
1939,3,s15,s23,s24
1940,3,s16,s17,s18
1941,3,s16,s17,s19
1942,3,s16,s17,s20
1943,3,s16,s17,s21
1944,3,s16,s17,s22
1945,3,s16,s17,s23
1946,3,s16,s17,s24
1947,3,s16,s18,s19
1948,3,s16,s18,s20
1949,3,s16,s18,s21
1950,3,s16,s18,s22
1951,3,s16,s18,s23
1952,3,s16,s18,s24
1953,3,s16,s19,s20
1954,3,s16,s19,s21
1955,3,s16,s19,s22
1956,3,s16,s19,s23
1957,3,s16,s19,s24
1958,3,s16,s20,s21
1959,3,s16,s20,s22
1960,3,s16,s20,s23
1961,3,s16,s20,s24
1962,3,s16,s21,s22
1963,3,s16,s21,s23
1964,3,s16,s21,s24
1965,3,s16,s22,s23
1966,3,s16,s22,s24
1967,3,s16,s23,s24
1968,3,s17,s18,s19
1969,3,s17,s18,s20
1970,3,s17,s18,s21
1971,3,s17,s18,s22
1972,3,s17,s18,s23
1973,3,s17,s18,s24
1974,3,s17,s19,s20
1975,3,s17,s19,s21
1976,3,s17,s19,s22
1977,3,s17,s19,s23
1978,3,s17,s19,s24
1979,3,s17,s20,s21
1980,3,s17,s20,s22
1981,3,s17,s20,s23
1982,3,s17,s20,s24
1983,3,s17,s21,s22
1984,3,s17,s21,s23
1985,3,s17,s21,s24
1986,3,s17,s22,s23
1987,3,s17,s22,s24
1988,3,s17,s23,s24
1989,3,s18,s19,s20
1990,3,s18,s19,s21
1991,3,s18,s19,s22
1992,3,s18,s19,s23
1993,3,s18,s19,s24
1994,3,s18,s20,s21
1995,3,s18,s20,s22
1996,3,s18,s20,s23
1997,3,s18,s20,s24
1998,3,s18,s21,s22
1999,3,s18,s21,s23
2000,3,s18,s21,s24
2001,3,s18,s22,s23
2002,3,s18,s22,s24
2003,3,s18,s23,s24
2004,3,s19,s20,s21
2005,3,s19,s20,s22
2006,3,s19,s20,s23
2007,3,s19,s20,s24
2008,3,s19,s21,s22
2009,3,s19,s21,s23
2010,3,s19,s21,s24
2011,3,s19,s22,s23
2012,3,s19,s22,s24
2013,3,s19,s23,s24
2014,3,s20,s21,s22
2015,3,s20,s21,s23
2016,3,s20,s21,s24
2017,3,s20,s22,s23
2018,3,s20,s22,s24
2019,3,s20,s23,s24
2020,3,s21,s22,s23
2021,3,s21,s22,s24
2022,3,s21,s23,s24
2023,3,s22,s23,s24
